"Mae_Hodges","46","Mon Jul 22 18:44:30 IST 2019"
"Gary_Potter","66","Mon Jul 22 18:44:30 IST 2019"
"Betty_Wise","51","Mon Jul 22 18:44:30 IST 2019"
"Wayne_Rose","42","Mon Jul 22 18:44:30 IST 2019"
"Adam_Caldwell","23","Mon Jul 22 18:44:30 IST 2019"
"Lucille_Phillips","27","Mon Jul 22 18:44:30 IST 2019"
"Mae_Hodges","46","Tue Aug 06 16:16:41 IST 2019"
"Gary_Potter","66","Tue Aug 06 16:16:41 IST 2019"
"Betty_Wise","51","Tue Aug 06 16:16:41 IST 2019"
"Wayne_Rose","42","Tue Aug 06 16:16:41 IST 2019"
"Adam_Caldwell","23","Tue Aug 06 16:16:41 IST 2019"
"Lucille_Phillips","27","Tue Aug 06 16:16:41 IST 2019"
"Mae_Hodges","46","Tue Aug 06 16:19:12 IST 2019"
"Gary_Potter","66","Tue Aug 06 16:19:12 IST 2019"
"Betty_Wise","51","Tue Aug 06 16:19:12 IST 2019"
"Wayne_Rose","42","Tue Aug 06 16:19:12 IST 2019"
"Adam_Caldwell","23","Tue Aug 06 16:19:12 IST 2019"
"Lucille_Phillips","27","Tue Aug 06 16:19:12 IST 2019"
"Mae_Hodges","46","Tue Aug 06 16:24:44 IST 2019"
"Gary_Potter","66","Tue Aug 06 16:24:44 IST 2019"
"Betty_Wise","51","Tue Aug 06 16:24:44 IST 2019"
"Wayne_Rose","42","Tue Aug 06 16:24:44 IST 2019"
"Adam_Caldwell","23","Tue Aug 06 16:24:44 IST 2019"
"Lucille_Phillips","27","Tue Aug 06 16:24:44 IST 2019"
"Mae_Hodges","46","Tue Aug 06 16:25:36 IST 2019"
"Gary_Potter","66","Tue Aug 06 16:25:36 IST 2019"
"Betty_Wise","51","Tue Aug 06 16:25:36 IST 2019"
"Wayne_Rose","42","Tue Aug 06 16:25:36 IST 2019"
"Adam_Caldwell","23","Tue Aug 06 16:25:36 IST 2019"
"Lucille_Phillips","27","Tue Aug 06 16:25:36 IST 2019"
"Mae_Hodges","46","Tue Aug 06 16:30:27 IST 2019"
"Gary_Potter","66","Tue Aug 06 16:30:27 IST 2019"
"Betty_Wise","51","Tue Aug 06 16:30:27 IST 2019"
"Wayne_Rose","42","Tue Aug 06 16:30:27 IST 2019"
"Adam_Caldwell","23","Tue Aug 06 16:30:27 IST 2019"
"Lucille_Phillips","27","Tue Aug 06 16:30:27 IST 2019"
